{
  "annotations": {
    "list": [
      {
        "builtIn": 1,
        "datasource": "-- Grafana --",
        "enable": true,
        "hide": true,
        "iconColor": "rgba(0, 211, 255, 1)",
        "name": "Annotations & Alerts",
        "type": "dashboard"
      }
    ]
  },
  "editable": true,
  "gnetId": null,
  "graphTooltip": 0,
  "hideControls": false,
  "id": 1,
  "links": [
    
  ],
  "refresh": false,
  "rows": [
    {
      "collapse": false,
      "height": 234,
      "panels": [
        {
          "content": "# Fizz-Buzz Feature Sum Model\n\nThis dashboard demonstrates Clipper serving two \"Fizz-Buzz\" feature sum model. \n\nFor each prediction #i: the time to make the prediction (client side end-to-end) is\n- Long ~600ms: i divisible by 15. \n- Medium ~300ms:  i divisible by 5.\n- Short ~ 150:  i divisible by 3.\n- Very Short ~50ms: Other",
          "id": 6,
          "links": [
            
          ],
          "mode": "markdown",
          "span": 6,
          "title": "About",
          "type": "text"
        },
        {
          "cacheTimeout": null,
          "colorBackground": false,
          "colorValue": true,
          "colors": [
            "#299c46",
            "rgba(237, 129, 40, 0.89)",
            "#d44a3a"
          ],
          "datasource": "Clipper",
          "format": "none",
          "gauge": {
            "maxValue": 100,
            "minValue": 0,
            "show": false,
            "thresholdLabels": false,
            "thresholdMarkers": true
          },
          "id": 2,
          "interval": null,
          "links": [
            
          ],
          "mappingType": 1,
          "mappingTypes": [
            {
              "name": "value to text",
              "value": 1
            },
            {
              "name": "range to text",
              "value": 2
            }
          ],
          "maxDataPoints": 100,
          "nullPointMode": "connected",
          "nullText": null,
          "postfix": "",
          "postfixFontSize": "50%",
          "prefix": "",
          "prefixFontSize": "50%",
          "rangeMaps": [
            {
              "from": "null",
              "text": "N/A",
              "to": "null"
            }
          ],
          "span": 2,
          "sparkline": {
            "fillColor": "rgba(31, 118, 189, 0.18)",
            "full": false,
            "lineColor": "rgb(31, 120, 193)",
            "show": false
          },
          "tableColumn": "",
          "targets": [
            {
              "expr": "app_simple_example_num_predictions_count",
              "format": "time_series",
              "intervalFactor": 2,
              "refId": "A"
            }
          ],
          "thresholds": "",
          "timeFrom": null,
          "title": "Total Prediction Made",
          "type": "singlestat",
          "valueFontSize": "80%",
          "valueMaps": [
            {
              "op": "=",
              "text": "N/A",
              "value": "null"
            }
          ],
          "valueName": "avg"
        },
        {
          "aliasColors": {
            
          },
          "bars": true,
          "dashLength": 10,
          "dashes": false,
          "datasource": "Clipper",
          "fill": 1,
          "id": 5,
          "legend": {
            "avg": false,
            "current": false,
            "max": false,
            "min": false,
            "show": false,
            "total": false,
            "values": false
          },
          "lines": false,
          "linewidth": 1,
          "links": [
            
          ],
          "nullPointMode": "null",
          "percentage": false,
          "pointradius": 5,
          "points": false,
          "renderer": "flot",
          "seriesOverrides": [
            
          ],
          "spaceLength": 10,
          "span": 4,
          "stack": false,
          "steppedLine": false,
          "targets": [
            {
              "expr": "clipper_mc_pred_total",
              "format": "time_series",
              "intervalFactor": 2,
              "legendFormat": "{{job}}",
              "refId": "A"
            }
          ],
          "thresholds": [
            
          ],
          "timeFrom": null,
          "timeShift": null,
          "title": "Prediction Count by Model Container",
          "tooltip": {
            "shared": false,
            "sort": 0,
            "value_type": "individual"
          },
          "type": "graph",
          "xaxis": {
            "buckets": null,
            "mode": "series",
            "name": null,
            "show": true,
            "values": [
              "current"
            ]
          },
          "yaxes": [
            {
              "decimals": null,
              "format": "short",
              "label": null,
              "logBase": 1,
              "max": null,
              "min": "0",
              "show": true
            },
            {
              "format": "short",
              "label": null,
              "logBase": 1,
              "max": null,
              "min": null,
              "show": false
            }
          ]
        }
      ],
      "repeat": null,
      "repeatIteration": null,
      "repeatRowId": null,
      "showTitle": false,
      "title": "Dashboard Row",
      "titleSize": "h6"
    },
    {
      "collapse": false,
      "height": 198,
      "panels": [
        {
          "aliasColors": {
            
          },
          "bars": true,
          "dashLength": 10,
          "dashes": false,
          "datasource": "Clipper",
          "fill": 1,
          "id": 4,
          "legend": {
            "avg": false,
            "current": false,
            "max": false,
            "min": false,
            "show": false,
            "total": false,
            "values": false
          },
          "lines": false,
          "linewidth": 1,
          "links": [
            
          ],
          "nullPointMode": "null",
          "percentage": false,
          "pointradius": 5,
          "points": false,
          "renderer": "flot",
          "seriesOverrides": [
            
          ],
          "spaceLength": 10,
          "span": 12,
          "stack": false,
          "steppedLine": false,
          "targets": [
            {
              "expr": "avg(clipper_mc_handle_time_ms_bucket{le=\"10.0\"}) - avg(clipper_mc_handle_time_ms_bucket{le=\"5.0\"})",
              "format": "time_series",
              "intervalFactor": 2,
              "legendFormat": "5 - 10",
              "refId": "A"
            },
            {
              "expr": "avg(clipper_mc_handle_time_ms_bucket{le=\"20.0\"}) - avg(clipper_mc_handle_time_ms_bucket{le=\"10.0\"})",
              "format": "time_series",
              "intervalFactor": 2,
              "legendFormat": "10 - 20",
              "refId": "B"
            },
            {
              "expr": "avg(clipper_mc_handle_time_ms_bucket{le=\"35.0\"}) - avg(clipper_mc_handle_time_ms_bucket{le=\"20.0\"})",
              "format": "time_series",
              "intervalFactor": 2,
              "legendFormat": "20 - 35",
              "refId": "C"
            },
            {
              "expr": "avg(clipper_mc_handle_time_ms_bucket{le=\"50.0\"}) - avg(clipper_mc_handle_time_ms_bucket{le=\"35.0\"})",
              "format": "time_series",
              "intervalFactor": 2,
              "legendFormat": "35 - 50",
              "refId": "D"
            },
            {
              "expr": "avg(clipper_mc_handle_time_ms_bucket{le=\"75.0\"}) - avg(clipper_mc_handle_time_ms_bucket{le=\"50.0\"})",
              "format": "time_series",
              "intervalFactor": 2,
              "legendFormat": "50 - 75",
              "refId": "E"
            },
            {
              "expr": "avg(clipper_mc_handle_time_ms_bucket{le=\"100.0\"}) - avg(clipper_mc_handle_time_ms_bucket{le=\"75.0\"})",
              "format": "time_series",
              "intervalFactor": 2,
              "legendFormat": "75 - 100",
              "refId": "F"
            },
            {
              "expr": "avg(clipper_mc_handle_time_ms_bucket{le=\"150.0\"}) - avg(clipper_mc_handle_time_ms_bucket{le=\"100.0\"})",
              "format": "time_series",
              "intervalFactor": 2,
              "legendFormat": "100 - 150",
              "refId": "G"
            },
            {
              "expr": "avg(clipper_mc_handle_time_ms_bucket{le=\"200.0\"}) - avg(clipper_mc_handle_time_ms_bucket{le=\"150.0\"})",
              "format": "time_series",
              "intervalFactor": 2,
              "legendFormat": "150 - 200",
              "refId": "H"
            },
            {
              "expr": "avg(clipper_mc_handle_time_ms_bucket{le=\"250.0\"}) - avg(clipper_mc_handle_time_ms_bucket{le=\"200.0\"})",
              "format": "time_series",
              "intervalFactor": 2,
              "legendFormat": "200 - 250",
              "refId": "I"
            },
            {
              "expr": "avg(clipper_mc_handle_time_ms_bucket{le=\"300.0\"}) - avg(clipper_mc_handle_time_ms_bucket{le=\"250.0\"})",
              "format": "time_series",
              "intervalFactor": 2,
              "legendFormat": "250 - 300",
              "refId": "J"
            },
            {
              "expr": "avg(clipper_mc_handle_time_ms_bucket{le=\"400.0\"}) - avg(clipper_mc_handle_time_ms_bucket{le=\"300.0\"})",
              "format": "time_series",
              "intervalFactor": 2,
              "legendFormat": "300 - 400",
              "refId": "K"
            },
            {
              "expr": "avg(clipper_mc_handle_time_ms_bucket{le=\"500.0\"}) - avg(clipper_mc_handle_time_ms_bucket{le=\"400.0\"})",
              "format": "time_series",
              "intervalFactor": 2,
              "legendFormat": "400 - 500",
              "refId": "L"
            },
            {
              "expr": "avg(clipper_mc_handle_time_ms_bucket{le=\"+Inf\"}) - avg(clipper_mc_handle_time_ms_bucket{le=\"500.0\"})",
              "format": "time_series",
              "intervalFactor": 2,
              "legendFormat": "500 - ",
              "refId": "M"
            }
          ],
          "thresholds": [
            
          ],
          "timeFrom": null,
          "timeShift": null,
          "title": "Average Handle Time Histogram (ms)",
          "tooltip": {
            "shared": false,
            "sort": 0,
            "value_type": "individual"
          },
          "type": "graph",
          "xaxis": {
            "buckets": null,
            "mode": "series",
            "name": null,
            "show": true,
            "values": [
              "current"
            ]
          },
          "yaxes": [
            {
              "format": "short",
              "label": null,
              "logBase": 1,
              "max": null,
              "min": null,
              "show": true
            },
            {
              "format": "short",
              "label": null,
              "logBase": 1,
              "max": null,
              "min": null,
              "show": true
            }
          ]
        }
      ],
      "repeat": null,
      "repeatIteration": null,
      "repeatRowId": null,
      "showTitle": false,
      "title": "Dashboard Row",
      "titleSize": "h6"
    },
    {
      "collapse": false,
      "height": 263,
      "panels": [
        {
          "aliasColors": {
            
          },
          "bars": false,
          "dashLength": 10,
          "dashes": false,
          "datasource": "Clipper",
          "description": "Sample over 30 sec range",
          "fill": 1,
          "id": 3,
          "legend": {
            "avg": false,
            "current": false,
            "max": false,
            "min": false,
            "show": true,
            "total": false,
            "values": false
          },
          "lines": true,
          "linewidth": 1,
          "links": [
            
          ],
          "nullPointMode": "null",
          "percentage": false,
          "pointradius": 5,
          "points": false,
          "renderer": "flot",
          "seriesOverrides": [
            
          ],
          "spaceLength": 10,
          "span": 6,
          "stack": false,
          "steppedLine": false,
          "targets": [
            {
              "expr": "avg(rate(clipper_mc_end_to_end_latency_ms_sum[30s])/rate(clipper_mc_end_to_end_latency_ms_count[30s]))",
              "format": "time_series",
              "intervalFactor": 2,
              "legendFormat": "End to End",
              "refId": "A"
            },
            {
              "expr": "avg(rate(clipper_mc_recv_time_ms_sum[30s])/rate(clipper_mc_recv_time_ms_count[30s]))",
              "format": "time_series",
              "intervalFactor": 2,
              "legendFormat": "Receive Time",
              "refId": "B"
            },
            {
              "expr": "avg(rate(clipper_mc_parse_time_ms_sum[30s])/rate(clipper_mc_parse_time_ms_count[30s]))",
              "format": "time_series",
              "intervalFactor": 2,
              "legendFormat": "Parse Time",
              "refId": "C"
            },
            {
              "expr": "avg(rate(clipper_mc_handle_time_ms_sum[30s])/rate(clipper_mc_handle_time_ms_count[30s]))",
              "format": "time_series",
              "intervalFactor": 2,
              "legendFormat": "Handle Time",
              "refId": "D"
            }
          ],
          "thresholds": [
            
          ],
          "timeFrom": null,
          "timeShift": null,
          "title": "Average Latency (ms)",
          "tooltip": {
            "shared": true,
            "sort": 0,
            "value_type": "individual"
          },
          "type": "graph",
          "xaxis": {
            "buckets": null,
            "mode": "time",
            "name": null,
            "show": true,
            "values": [
              
            ]
          },
          "yaxes": [
            {
              "format": "short",
              "label": null,
              "logBase": 1,
              "max": null,
              "min": null,
              "show": true
            },
            {
              "format": "short",
              "label": null,
              "logBase": 1,
              "max": null,
              "min": null,
              "show": true
            }
          ]
        },
        {
          "aliasColors": {
            
          },
          "bars": false,
          "dashLength": 10,
          "dashes": false,
          "datasource": "Clipper",
          "fill": 1,
          "id": 7,
          "legend": {
            "avg": false,
            "current": false,
            "max": false,
            "min": false,
            "show": true,
            "total": false,
            "values": false
          },
          "lines": true,
          "linewidth": 1,
          "links": [
            
          ],
          "nullPointMode": "null",
          "percentage": false,
          "pointradius": 5,
          "points": false,
          "renderer": "flot",
          "seriesOverrides": [
            
          ],
          "spaceLength": 10,
          "span": 6,
          "stack": false,
          "steppedLine": false,
          "targets": [
            {
              "expr": "avg(histogram_quantile(0.99, rate(clipper_mc_end_to_end_latency_ms_bucket[10m])))",
              "format": "time_series",
              "instant": false,
              "intervalFactor": 2,
              "legendFormat": "99th Percentile",
              "refId": "A"
            },
            {
              "expr": "avg(histogram_quantile(0.95, rate(clipper_mc_end_to_end_latency_ms_bucket[10m])))",
              "format": "time_series",
              "intervalFactor": 2,
              "legendFormat": "95th Percentile",
              "refId": "B"
            },
            {
              "expr": "avg(histogram_quantile(0.5, rate(clipper_mc_end_to_end_latency_ms_bucket[10m])))",
              "format": "time_series",
              "intervalFactor": 2,
              "legendFormat": "50th Percentile",
              "refId": "C"
            }
          ],
          "thresholds": [
            
          ],
          "timeFrom": null,
          "timeShift": null,
          "title": "Model Containers: Average End-to-end Latency",
          "tooltip": {
            "shared": true,
            "sort": 0,
            "value_type": "individual"
          },
          "type": "graph",
          "xaxis": {
            "buckets": null,
            "mode": "time",
            "name": null,
            "show": true,
            "values": [
              
            ]
          },
          "yaxes": [
            {
              "format": "short",
              "label": "ms",
              "logBase": 1,
              "max": null,
              "min": null,
              "show": true
            },
            {
              "format": "short",
              "label": null,
              "logBase": 1,
              "max": null,
              "min": null,
              "show": true
            }
          ]
        }
      ],
      "repeat": null,
      "repeatIteration": null,
      "repeatRowId": null,
      "showTitle": false,
      "title": "Dashboard Row",
      "titleSize": "h6"
    }
  ],
  "schemaVersion": 14,
  "style": "dark",
  "tags": [
    
  ],
  "templating": {
    "list": [
      
    ]
  },
  "time": {
    "from": "now-5m",
    "to": "now"
  },
  "timepicker": {
    "refresh_intervals": [
      "5s",
      "10s",
      "30s",
      "1m",
      "5m",
      "15m",
      "30m",
      "1h",
      "2h",
      "1d"
    ],
    "time_options": [
      "5m",
      "15m",
      "1h",
      "6h",
      "12h",
      "24h",
      "2d",
      "7d",
      "30d"
    ]
  },
  "timezone": "",
  "title": "Clipper",
  "version": 1
}